,year,predicted income
0,2019,40460.22901919484
1,2020,41288.69409441762
2,2021,42117.15916964039
3,2022,42945.624244862935
4,2023,43774.08932008571
5,2024,44602.554395308485
6,2025,45431.01947053103
